FusionName	annots	frac
RP11-96H19.1--RP11-446N19.1	[INTRACHROMOSOMAL[chr12:0.12Mb]]	0.917293233082707
RP11-120D5.1--MID1	[INTRACHROMOSOMAL[chrX:0.01Mb],NEIGHBORS[14223]]	0.505263157894737
RN7SL1--LRRC75A-AS1	[INTERCHROMOSOMAL[chr14--chr17]]	0.439097744360902
CTD-2337A12.1--CAST	[INTRACHROMOSOMAL[chr5:0.11Mb]]	0.365413533834586
RP11-380O24.1--SRGAP3	[INTRACHROMOSOMAL[chr3:0.04Mb],NEIGHBORS[42903]]	0.336842105263158
CTD-2215E18.1--LINC01340	[INTRACHROMOSOMAL[chr5:0.07Mb],NEIGHBORS[67479]]	0.323308270676692
RP11-384F7.2--LSAMP	[INTRACHROMOSOMAL[chr3:0.53Mb]]	0.306766917293233
CHD2--LINC01578	[DEEPEST2019,TCGA_StarF2019,INTRACHROMOSOMAL[chr15:0.00Mb],LOCAL_REARRANGEMENT:+:[488]]	0.270676691729323
RP11-444D3.1--SOX5	[INTRACHROMOSOMAL[chr12:0.26Mb]]	0.261654135338346
RP5-940J5.9--GAPDH	[INTRACHROMOSOMAL[chr12:0.00Mb],NEIGHBORS_OVERLAP:-:+:[576]]	0.257142857142857
DSCR3--TTC3	[ChimerSeq,INTRACHROMOSOMAL[chr21:0.02Mb],LOCAL_INVERSION:-:+:[20308]]	0.228571428571429
NEK6--PSMB7	[TCGA_StarF2019,INTRACHROMOSOMAL[chr9:0.00Mb],LOCAL_INVERSION:+:-:[159]]	0.227067669172932
RP11-680G10.1--GSE1	[INTRACHROMOSOMAL[chr16:0.25Mb]]	0.225563909774436
PRR16--CTD-2334D19.1	[INTRACHROMOSOMAL[chr5:0.09Mb],NEIGHBORS[93886]]	0.215037593984962
FARS2--RP3-380B8.4	[INTRACHROMOSOMAL[chr6:0.08Mb],NEIGHBORS[79926]]	0.209022556390977
RP11-855A2.2--BPTF	[INTRACHROMOSOMAL[chr17:0.00Mb],NEIGHBORS_OVERLAP:+:+:[2138]]	0.209022556390977
EIF5A--GPS2	[INTRACHROMOSOMAL[chr17:0.00Mb],NEIGHBORS_OVERLAP:+:-:[1139]]	0.207518796992481
NRIP1--AF127936.7	[INTRACHROMOSOMAL[chr21:0.04Mb],NEIGHBORS[42683]]	0.201503759398496
SNHG14--SNURF	[INTRACHROMOSOMAL[chr15:0.00Mb],LOCAL_REARRANGEMENT:+:[733]]	0.196992481203008
RP11-208G20.2--PSPHP1	[INTRACHROMOSOMAL[chr7:96.59Mb]]	0.190977443609023
RPS6KB1--VMP1	[YOSHIHARA_TCGA,Klijn_CellLines,DEEPEST2019,TumorFusionsNAR2018,ChimerSeq,TCGA_StarF2019,CCLE_StarF2019,INTRACHROMOSOMAL[chr17:0.05Mb],LOCAL_REARRANGEMENT:+:[50791]]	0.180451127819549
RP11-123O10.4--GRIP1	[INTRACHROMOSOMAL[chr12:0.09Mb],NEIGHBORS[87690]]	0.178947368421053
PSPC1--ZMYM5	[TumorFusionsNAR2018,ChimerSeq,CCLE_StarF2019,INTRACHROMOSOMAL[chr13:0.04Mb],LOCAL_REARRANGEMENT:-:[40463]]	0.174436090225564
GATC--COX6A1	[ChimerSeq,INTRACHROMOSOMAL[chr12:0.01Mb],LOCAL_REARRANGEMENT:+:[5696]]	0.166917293233083
USP10--COTL1	[Klijn_CellLines,INTRACHROMOSOMAL[chr16:0.08Mb],LOCAL_INVERSION:+:-:[81901]]	0.166917293233083
LINC00205--BX322557.10	[INTRACHROMOSOMAL[chr21:0.00Mb],LOCAL_REARRANGEMENT:+:[1547]]	0.165413533834586
SEPT11--CCNI	[INTRACHROMOSOMAL[chr4:0.01Mb],LOCAL_INVERSION:+:-:[6774]]	0.162406015037594
EFCAB11--RP11-944C7.1	[INTRACHROMOSOMAL[chr14:0.15Mb]]	0.160902255639098
EXOC4--CHCHD3	[TumorFusionsNAR2018,TCGA_StarF2019,INTRACHROMOSOMAL[chr7:0.17Mb]]	0.160902255639098
MB21D2--FGF12	[TCGA_StarF2019,CCLE_StarF2019,INTRACHROMOSOMAL[chr3:0.03Mb],NEIGHBORS[29051]]	0.157894736842105
RN7SL1--TP53	[INTERCHROMOSOMAL[chr14--chr17]]	0.154887218045113
HIBADH--TAX1BP1	[INTRACHROMOSOMAL[chr7:0.08Mb],LOCAL_INVERSION:-:+:[76336]]	0.15187969924812
BRI3BP--UBC	[ChimerSeq,INTRACHROMOSOMAL[chr12:0.08Mb],LOCAL_INVERSION:+:-:[76332]]	0.150375939849624
AL627171.3--LRRC75A-AS1	[INTERCHROMOSOMAL[chr14--chr17]]	0.147368421052632
RP11-141M1.3--STARD13	[INTRACHROMOSOMAL[chr13:0.00Mb],NEIGHBORS[4576]]	0.147368421052632
FBXW11--NPM1	[Klijn_CellLines,INTRACHROMOSOMAL[chr5:0.45Mb]]	0.145864661654135
ARL15--NDUFS4	[DEEPEST2019,INTRACHROMOSOMAL[chr5:0.20Mb]]	0.142857142857143
AC133680.1--RARB	[INTRACHROMOSOMAL[chr3:0.00Mb],NEIGHBORS[27]]	0.141353383458647
SUMF2--CCT6A	[DEEPEST2019,TCGA_StarF2019,INTRACHROMOSOMAL[chr7:0.00Mb],LOCAL_REARRANGEMENT:+:[13]]	0.141353383458647
AL139099.3--LRRC75A-AS1	[INTERCHROMOSOMAL[chr14--chr17]]	0.135338345864662
DPH6-AS1--RP11-684B21.1	[INTRACHROMOSOMAL[chr15:0.19Mb]]	0.132330827067669
AP001432.14--TTC3	[INTRACHROMOSOMAL[chr21:0.02Mb],LOCAL_REARRANGEMENT:+:[18307]]	0.130827067669173
C7orf50--MAD1L1	[Klijn_CellLines,DEEPEST2019,TumorFusionsNAR2018,TCGA_StarF2019,CCLE_StarF2019,INTRACHROMOSOMAL[chr7:0.68Mb]]	0.130827067669173
LYPLAL1--RRP15	[CCLE_StarF2019,INTRACHROMOSOMAL[chr1:0.84Mb]]	0.130827067669173
EPS8--DERA	[DEEPEST2019,ChimerSeq,INTRACHROMOSOMAL[chr12:0.03Mb],LOCAL_INVERSION:-:+:[28843]]	0.129323308270677
RP3-416H24.1--KRT7	[INTRACHROMOSOMAL[chr12:0.00Mb],NEIGHBORS_OVERLAP:-:+:[2400]]	0.12781954887218
C19orf25--DAZAP1	[INTRACHROMOSOMAL[chr19:0.03Mb],LOCAL_INVERSION:-:+:[25456]]	0.126315789473684
AL139099.3--IFI6	[INTERCHROMOSOMAL[chr14--chr1]]	0.124812030075188
FAM208B--GDI2	[INTRACHROMOSOMAL[chr10:0.00Mb],LOCAL_INVERSION:+:-:[1483]]	0.124812030075188
DUXAP10--LA16c-60G3.6	[INTERCHROMOSOMAL[chr14--chr22]]	0.123308270676692
DNAJC24--IMMP1L	[Klijn_CellLines,DEEPEST2019,ChimerSeq,INTRACHROMOSOMAL[chr11:0.00Mb],LOCAL_INVERSION:+:-:[552]]	0.121804511278195
ZFYVE21--KLC1	[INTRACHROMOSOMAL[chr14:0.00Mb],LOCAL_REARRANGEMENT:+:[1481]]	0.120300751879699
TRPA1--MSC	[INTRACHROMOSOMAL[chr8:0.18Mb]]	0.118796992481203
BBOX1-AS1--SLC5A12	[TCGA_StarF2019,CCLE_StarF2019,INTRACHROMOSOMAL[chr11:0.32Mb]]	0.114285714285714
TMLHE--CLIC2	[INTRACHROMOSOMAL[chrX:0.16Mb]]	0.114285714285714
RORA--ANXA2	[INTRACHROMOSOMAL[chr15:0.09Mb],NEIGHBORS[85401]]	0.112781954887218
H2AFV--PPIA	[INTRACHROMOSOMAL[chr7:0.00Mb],LOCAL_INVERSION:-:+:[2227]]	0.111278195488722
TFDP1--TMCO3	[TumorFusionsNAR2018,ChimerSeq,TCGA_StarF2019,INTRACHROMOSOMAL[chr13:0.03Mb],LOCAL_REARRANGEMENT:+:[30131]]	0.111278195488722
LINC01004--KMT2E	[INTRACHROMOSOMAL[chr7:0.00Mb],LOCAL_INVERSION:-:+:[1135]]	0.109774436090226
ADAM17--YWHAQ	[Klijn_CellLines,DEEPEST2019,TumorFusionsNAR2018,ChimerSeq,TCGA_StarF2019,INTRACHROMOSOMAL[chr2:0.03Mb],LOCAL_REARRANGEMENT:-:[28180]]	0.106766917293233
CTD-2008L17.1--RP11-456O19.2	[INTRACHROMOSOMAL[chr18:0.02Mb],NEIGHBORS[18613]]	0.106766917293233
TET2--PPA2	[INTRACHROMOSOMAL[chr4:0.09Mb],LOCAL_INVERSION:+:-:[89261]]	0.106766917293233
FBRSL1--NOC4L	[TumorFusionsNAR2018,INTRACHROMOSOMAL[chr12:0.34Mb]]	0.105263157894737
ANKRD12--VAPA	[INTRACHROMOSOMAL[chr18:0.63Mb]]	0.102255639097744
VAPA--RAB31	[Klijn_CellLines,DEEPEST2019,TumorFusionsNAR2018,INTRACHROMOSOMAL[chr18:0.05Mb],LOCAL_REARRANGEMENT:+:[51451]]	0.102255639097744
SHFM1--SLC25A13	[INTRACHROMOSOMAL[chr7:0.16Mb]]	0.100751879699248
TMEM223--SLC3A2	[INTRACHROMOSOMAL[chr11:0.06Mb],LOCAL_INVERSION:-:+:[64081]]	0.100751879699248
RNF126--BSG	[INTRACHROMOSOMAL[chr19:0.06Mb],LOCAL_INVERSION:-:+:[64033]]	0.0992481203007519
TGIF1--MYL12B	[INTRACHROMOSOMAL[chr18:0.13Mb]]	0.0992481203007519
VTI1A--RP11-57H14.3	[INTRACHROMOSOMAL[chr10:0.07Mb],NEIGHBORS[69991]]	0.0992481203007519
XPR1--LHX4-AS1	[INTRACHROMOSOMAL[chr1:0.13Mb]]	0.0992481203007519
BNIP2--ANXA2	[ChimerSeq,INTRACHROMOSOMAL[chr15:0.66Mb]]	0.0977443609022556
RP1-34H18.1--NAV3	[INTRACHROMOSOMAL[chr12:0.26Mb]]	0.0977443609022556
ATR--U2SURP	[INTRACHROMOSOMAL[chr3:0.39Mb]]	0.0962406015037594
EPS8--STRAP	[INTRACHROMOSOMAL[chr12:0.00Mb],LOCAL_INVERSION:-:+:[62]]	0.0962406015037594
FGF14-IT1--FGF14	[ChimerSeq,INTRACHROMOSOMAL[chr13:0.10Mb]]	0.0947368421052632
NDUFB2--MKI67	[INTERCHROMOSOMAL[chr7--chr10]]	0.0947368421052632
RAB3D--CTC-510F12.6	[INTRACHROMOSOMAL[chr19:0.00Mb],NEIGHBORS_OVERLAP:-:+:[2039]]	0.0947368421052632
RP11-108K3.1--GLDN	[INTRACHROMOSOMAL[chr15:0.05Mb],NEIGHBORS[47717]]	0.0947368421052632
HS2ST1--SEP15	[INTRACHROMOSOMAL[chr1:0.00Mb],LOCAL_INVERSION:+:-:[224]]	0.0932330827067669
LINC01278--ARHGEF9	[DEEPEST2019,INTRACHROMOSOMAL[chrX:0.07Mb],LOCAL_REARRANGEMENT:-:[73896]]	0.0932330827067669
RP13-188A5.1--KLF8	[INTRACHROMOSOMAL[chrX:0.22Mb]]	0.0932330827067669
SF1--FUS	[ChimerSeq,INTERCHROMOSOMAL[chr11--chr16]]	0.0932330827067669
HP1BP3--CAPZB	[INTRACHROMOSOMAL[chr1:1.26Mb]]	0.0917293233082707
NCOR1--UBB	[INTRACHROMOSOMAL[chr17:0.16Mb]]	0.0917293233082707
PAPOLA--VRK1	[TCGA_StarF2019,INTRACHROMOSOMAL[chr14:0.23Mb]]	0.0917293233082707
YWHAE--CRK	[DEEPEST2019,INTRACHROMOSOMAL[chr17:0.02Mb],LOCAL_REARRANGEMENT:-:[20311]]	0.0917293233082707
C12orf76--ARPC3	[INTRACHROMOSOMAL[chr12:0.36Mb]]	0.0902255639097744
RAB31--VAPA	[Klijn_CellLines,INTRACHROMOSOMAL[chr18:0.05Mb],NEIGHBORS[51451]]	0.0902255639097744
ATL2--HNRNPLL	[DEEPEST2019,ChimerSeq,TCGA_StarF2019,INTRACHROMOSOMAL[chr2:0.18Mb]]	0.0887218045112782
CHCHD3--EXOC4	[Klijn_CellLines,DEEPEST2019,TCGA_StarF2019,INTRACHROMOSOMAL[chr7:0.17Mb]]	0.0887218045112782
PRR4--PRH1	[INTRACHROMOSOMAL[chr12:0.04Mb],NEIGHBORS_OVERLAP:-:-:[38406]]	0.0887218045112782
RP11-6N13.1--CTD-2374C24.1	[INTRACHROMOSOMAL[chr5:0.33Mb]]	0.0887218045112782
MTMR2--CEP57	[INTRACHROMOSOMAL[chr11:0.00Mb],LOCAL_INVERSION:-:+:[189]]	0.087218045112782
PRRG1--LANCL3	[ChimerSeq,INTRACHROMOSOMAL[chrX:0.11Mb]]	0.087218045112782
RN7SL2--PRKAA1	[INTERCHROMOSOMAL[chr14--chr5]]	0.087218045112782
VCL--ADK	[Klijn_CellLines,ChimerSeq,TCGA_StarF2019,CCLE_StarF2019,INTRACHROMOSOMAL[chr10:0.03Mb],NEIGHBORS[29822]]	0.087218045112782
GMDS-AS1--GMDS	[DEEPEST2019,INTRACHROMOSOMAL[chr6:0.00Mb],LOCAL_INVERSION:+:-:[56]]	0.0857142857142857
MEF2A--LRRC28	[DEEPEST2019,TumorFusionsNAR2018,INTRACHROMOSOMAL[chr15:0.17Mb]]	0.0857142857142857
STAG3L5P--GATS	[INTRACHROMOSOMAL[chr7:0.06Mb],LOCAL_INVERSION:+:-:[63861]]	0.0857142857142857
C11orf73--PICALM	[INTRACHROMOSOMAL[chr11:0.23Mb]]	0.0842105263157895
HP1BP3--EIF4G3	[DEEPEST2019,TumorFusionsNAR2018,TCGA_StarF2019,INTRACHROMOSOMAL[chr1:0.02Mb],LOCAL_REARRANGEMENT:-:[18969]]	0.0842105263157895
LINC00152--AC093616.4	[INTRACHROMOSOMAL[chr2:0.09Mb],NEIGHBORS[94179]]	0.0842105263157895
AP3S1--COMMD10	[TCGA_StarF2019,INTRACHROMOSOMAL[chr5:0.17Mb]]	0.0827067669172932
B4GALT1--BAG1	[Klijn_CellLines,DEEPEST2019,TumorFusionsNAR2018,ChimerSeq,TCGA_StarF2019,INTRACHROMOSOMAL[chr9:0.08Mb],LOCAL_REARRANGEMENT:-:[80464]]	0.0827067669172932
CELF1--MTCH2	[YOSHIHARA_TCGA,DEEPEST2019,TumorFusionsNAR2018,ChimerSeq,TCGA_StarF2019,CCLE_StarF2019,INTRACHROMOSOMAL[chr11:0.05Mb],LOCAL_REARRANGEMENT:-:[51746]]	0.081203007518797
MAF--RP11-679B19.2	[INTRACHROMOSOMAL[chr16:0.36Mb]]	0.081203007518797
MAGT1--ATRX	[TCGA_StarF2019,INTRACHROMOSOMAL[chrX:0.04Mb],NEIGHBORS[40095]]	0.081203007518797
PAIP2--MATR3	[INTRACHROMOSOMAL[chr5:0.01Mb],LOCAL_REARRANGEMENT:+:[10228]]	0.081203007518797
PRSS23--TMEM135	[CCLE_StarF2019,INTRACHROMOSOMAL[chr11:0.08Mb],NEIGHBORS[84934]]	0.081203007518797
RN7SL1--CPA4	[INTERCHROMOSOMAL[chr14--chr7]]	0.081203007518797
TSPAN3--ETFA	[INTRACHROMOSOMAL[chr15:0.73Mb]]	0.0796992481203008
BPTF--LRRC37A2	[CCLE_StarF2019,INTRACHROMOSOMAL[chr17:21.27Mb]]	0.0781954887218045
KIF26B--SMYD3	[DEEPEST2019,TumorFusionsNAR2018,ChimerSeq,TCGA_StarF2019,INTRACHROMOSOMAL[chr1:0.04Mb],LOCAL_INVERSION:+:-:[40132]]	0.0781954887218045
LATS1--PCMT1	[INTRACHROMOSOMAL[chr6:0.03Mb],LOCAL_INVERSION:-:+:[31187]]	0.0781954887218045
LHFPL2--SCAMP1	[INTRACHROMOSOMAL[chr5:0.01Mb],LOCAL_INVERSION:-:+:[6144]]	0.0781954887218045
LYPD6--AC144449.1	[INTRACHROMOSOMAL[chr2:0.11Mb]]	0.0781954887218045
STX18-AS1--RP11-326I19.2	[INTRACHROMOSOMAL[chr4:0.11Mb]]	0.0781954887218045
BAGE2--CTBP2P1	[TCGA_StarF2019,CCLE_StarF2019,INTERCHROMOSOMAL[chr21--chrY]]	0.0766917293233083
CALR--CTC-425F1.4	[INTRACHROMOSOMAL[chr19:0.00Mb],NEIGHBORS_OVERLAP:+:-:[369]]	0.0766917293233083
CCDC122--ENOX1	[INTRACHROMOSOMAL[chr13:0.04Mb],NEIGHBORS[37001]]	0.0766917293233083
CCDC127--PDCD6	[INTRACHROMOSOMAL[chr5:0.05Mb],LOCAL_INVERSION:-:+:[53406]]	0.0766917293233083
NRP1--PARD3	[Klijn_CellLines,DEEPEST2019,INTRACHROMOSOMAL[chr10:0.77Mb]]	0.0766917293233083
YWHAZ--ZNF706	[DEEPEST2019,INTRACHROMOSOMAL[chr8:0.22Mb]]	0.0766917293233083
LYPLA1--ATP6V1H	[INTRACHROMOSOMAL[chr8:0.20Mb]]	0.075187969924812
TRAPPC4--SLC37A4	[INTRACHROMOSOMAL[chr11:0.00Mb],NEIGHBORS_OVERLAP:+:-:[1340]]	0.075187969924812
ABHD3--RNPC3	[INTERCHROMOSOMAL[chr18--chr1]]	0.0736842105263158
SAMD5--RP11-307P5.1	[INTRACHROMOSOMAL[chr6:0.09Mb],NEIGHBORS[90682]]	0.0736842105263158
SCFD2--FIP1L1	[DEEPEST2019,TumorFusionsNAR2018,ChimerSeq,INTRACHROMOSOMAL[chr4:0.01Mb],LOCAL_INVERSION:-:+:[11568]]	0.0736842105263158
TAF6--AP4M1	[INTRACHROMOSOMAL[chr7:0.00Mb],NEIGHBORS_OVERLAP:-:+:[3275]]	0.0736842105263158
ZFR--SUB1	[INTRACHROMOSOMAL[chr5:0.09Mb],LOCAL_INVERSION:-:+:[86872]]	0.0736842105263158
BRWD1--HMGN1	[DEEPEST2019,INTRACHROMOSOMAL[chr21:0.02Mb],LOCAL_REARRANGEMENT:-:[20756]]	0.0721804511278196
FBXO34--KTN1	[INTRACHROMOSOMAL[chr14:0.20Mb]]	0.0721804511278196
GLTSCR2--DHX34	[INTRACHROMOSOMAL[chr19:0.36Mb]]	0.0721804511278196
HIF1A--PRKCH	[YOSHIHARA_TCGA,DEEPEST2019,TumorFusionsNAR2018,ChimerSeq,TCGA_StarF2019,INTRACHROMOSOMAL[chr14:0.14Mb]]	0.0721804511278196
NFAT5--CYB5B	[DEEPEST2019,ChimerSeq,TCGA_StarF2019,CCLE_StarF2019,INTRACHROMOSOMAL[chr16:0.10Mb],LOCAL_REARRANGEMENT:+:[98828]]	0.0721804511278196
SCAMP1--AP3B1	[INTRACHROMOSOMAL[chr5:0.07Mb],LOCAL_INVERSION:+:-:[65828]]	0.0721804511278196
ST3GAL4--RP11-115C10.1	[INTRACHROMOSOMAL[chr11:0.21Mb]]	0.0721804511278196
ACSL3--FARSB	[INTRACHROMOSOMAL[chr2:0.20Mb]]	0.0706766917293233
NDUFB5--ACTL6A	[Klijn_CellLines,INTRACHROMOSOMAL[chr3:0.02Mb],LOCAL_REARRANGEMENT:+:[16282]]	0.0706766917293233
NRAS--CSDE1	[ChimerPub,INTRACHROMOSOMAL[chr1:0.00Mb],LOCAL_REARRANGEMENT:-:[19]]	0.0706766917293233
RB1CC1--ATP6V1H	[INTRACHROMOSOMAL[chr8:0.97Mb]]	0.0706766917293233
AL627171.3--NONO	[INTERCHROMOSOMAL[chr14--chrX]]	0.0691729323308271
MMP17--NOC4L	[ChimerSeq,INTRACHROMOSOMAL[chr12:0.29Mb]]	0.0691729323308271
RNF152--RP11-879F14.2	[INTRACHROMOSOMAL[chr18:0.20Mb]]	0.0691729323308271
SLC35E3--NUP107	[Klijn_CellLines,DEEPEST2019,INTRACHROMOSOMAL[chr12:0.00Mb],LOCAL_REARRANGEMENT:+:[297]]	0.0691729323308271
BOLA2B--SMG1P5	[INTRACHROMOSOMAL[chr16:0.07Mb],LOCAL_REARRANGEMENT:-:[73247]]	0.0676691729323308
C22orf39--UFD1L	[INTRACHROMOSOMAL[chr22:0.00Mb],LOCAL_REARRANGEMENT:-:[1678]]	0.0676691729323308
COMMD10--AP3S1	[YOSHIHARA_TCGA,Klijn_CellLines,GTEx_recurrent_StarF2019,DEEPEST2019,ChimerPub,TumorFusionsNAR2018,ChimerSeq,INTRACHROMOSOMAL[chr5:0.17Mb]]	0.0676691729323308
EML4--COX7A2L	[TumorFusionsNAR2018,ChimerSeq,TCGA_StarF2019,INTRACHROMOSOMAL[chr2:0.00Mb],LOCAL_INVERSION:+:-:[998]]	0.0676691729323308
FOXJ3--YBX1	[INTRACHROMOSOMAL[chr1:0.35Mb]]	0.0676691729323308
LCOR--TM9SF3	[INTRACHROMOSOMAL[chr10:0.24Mb]]	0.0676691729323308
RP11-446N19.1--RP11-96H19.1	[INTRACHROMOSOMAL[chr12:0.12Mb]]	0.0676691729323308
XKR9--RP11-326E22.1	[INTRACHROMOSOMAL[chr8:0.37Mb]]	0.0676691729323308
ACTR3C--RP11-728K20.1	[INTRACHROMOSOMAL[chr7:0.33Mb]]	0.0661654135338346
ADARB1--FAM207A	[INTRACHROMOSOMAL[chr21:0.10Mb],LOCAL_REARRANGEMENT:+:[96864]]	0.0661654135338346
METTL12--SLC3A2	[INTRACHROMOSOMAL[chr11:0.19Mb]]	0.0661654135338346
OSBPL8--NAP1L1	[CCLE_StarF2019,INTRACHROMOSOMAL[chr12:0.27Mb]]	0.0661654135338346
RNF152--RP11-879F14.1	[INTRACHROMOSOMAL[chr18:0.06Mb],NEIGHBORS[59231]]	0.0661654135338346
RP11-151A6.4--PCCA	[INTRACHROMOSOMAL[chr13:0.01Mb],LOCAL_INVERSION:-:+:[5306]]	0.0661654135338346
SHFM1--ACN9	[INTRACHROMOSOMAL[chr7:0.41Mb]]	0.0661654135338346
VWDE--PHF14	[INTRACHROMOSOMAL[chr7:1.16Mb]]	0.0661654135338346
ZFAND6--MTHFS	[INTRACHROMOSOMAL[chr15:0.16Mb]]	0.0661654135338346
ZMYM4--SFPQ	[INTRACHROMOSOMAL[chr1:0.08Mb],LOCAL_INVERSION:+:-:[75819]]	0.0661654135338346
AP001347.6--ANKRD20A11P	[INTRACHROMOSOMAL[chr21:0.05Mb],LOCAL_INVERSION:+:-:[46984]]	0.0646616541353384
CHIC2--FIP1L1	[INTRACHROMOSOMAL[chr4:0.55Mb]]	0.0646616541353384
JARID2--DTNBP1	[DEEPEST2019,TumorFusionsNAR2018,INTRACHROMOSOMAL[chr6:0.00Mb],LOCAL_INVERSION:+:-:[761]]	0.0646616541353384
MPZL1--DCAF6	[ChimerSeq,TCGA_StarF2019,INTRACHROMOSOMAL[chr1:0.14Mb]]	0.0646616541353384
RP11-254I22.1--CTD-2337A12.1	[INTRACHROMOSOMAL[chr5:0.17Mb]]	0.0646616541353384
USP34--XPO1	[ChimerSeq,INTRACHROMOSOMAL[chr2:0.01Mb],LOCAL_REARRANGEMENT:-:[7080]]	0.0646616541353384
ARFGEF2--ZFAS1	[INTRACHROMOSOMAL[chr20:0.24Mb]]	0.0631578947368421
CD44--PDHX	[Klijn_CellLines,DEEPEST2019,ChimerSeq,TCGA_StarF2019,CCLE_StarF2019,INTRACHROMOSOMAL[chr11:0.12Mb]]	0.0631578947368421
HSF1--BOP1	[Klijn_CellLines,INTRACHROMOSOMAL[chr8:0.00Mb],LOCAL_INVERSION:+:-:[221]]	0.0631578947368421
MAFK--MAD1L1	[INTRACHROMOSOMAL[chr7:0.27Mb]]	0.0631578947368421
NDUFB2--AES	[INTERCHROMOSOMAL[chr7--chr19]]	0.0631578947368421
PROSC--SET	[Klijn_CellLines,ChimerSeq,INTERCHROMOSOMAL[chr8--chr9]]	0.0631578947368421
YAF2--PPHLN1	[INTRACHROMOSOMAL[chr12:0.00Mb],LOCAL_INVERSION:-:+:[98]]	0.0631578947368421
AC027119.1--AC026167.1	[INTRACHROMOSOMAL[chr3:0.02Mb],NEIGHBORS[24364]]	0.0616541353383459
AL139099.3--NONO	[INTERCHROMOSOMAL[chr14--chrX]]	0.0616541353383459
ASPH--RAB2A	[INTRACHROMOSOMAL[chr8:0.88Mb]]	0.0616541353383459
B3GALNT2--TBCE	[INTRACHROMOSOMAL[chr1:0.00Mb],LOCAL_INVERSION:-:+:[955]]	0.0616541353383459
DDX1--NBAS	[INTRACHROMOSOMAL[chr2:0.03Mb],LOCAL_INVERSION:+:-:[29848]]	0.0616541353383459
DOCK4--ZNF277	[INTRACHROMOSOMAL[chr7:0.00Mb],LOCAL_INVERSION:-:+:[177]]	0.0616541353383459
ELP4--IMMP1L	[Klijn_CellLines,INTRACHROMOSOMAL[chr11:0.00Mb],LOCAL_INVERSION:+:-:[105]]	0.0616541353383459
GXYLT1--PPHLN1	[Klijn_CellLines,INTRACHROMOSOMAL[chr12:0.09Mb],LOCAL_INVERSION:-:+:[93568]]	0.0616541353383459
ITSN1--MRPS6	[INTRACHROMOSOMAL[chr21:0.22Mb]]	0.0616541353383459
NR6A1--PSMB7	[Klijn_CellLines,INTRACHROMOSOMAL[chr9:0.10Mb]]	0.0616541353383459
PDHX--CD44	[INTRACHROMOSOMAL[chr11:0.12Mb]]	0.0616541353383459
WDR27--PSMB1	[INTRACHROMOSOMAL[chr6:0.83Mb]]	0.0616541353383459
ARHGEF28--BTF3	[DEEPEST2019,TCGA_StarF2019,INTRACHROMOSOMAL[chr5:0.12Mb]]	0.0601503759398496
BSG--NOC4L	[INTERCHROMOSOMAL[chr19--chr12]]	0.0601503759398496
DEGS1--NVL	[INTRACHROMOSOMAL[chr1:0.03Mb],LOCAL_INVERSION:+:-:[33893]]	0.0601503759398496
MINOS1--CAPZB	[INTRACHROMOSOMAL[chr1:0.11Mb]]	0.0601503759398496
RBM6--RHOA	[ChimerSeq,INTRACHROMOSOMAL[chr3:0.53Mb]]	0.0601503759398496
SUMF2--CHCHD2	[TCGA_StarF2019,INTRACHROMOSOMAL[chr7:0.02Mb],LOCAL_INVERSION:+:-:[20899]]	0.0601503759398496
ZFR--GOLPH3	[CCLE_StarF2019,INTRACHROMOSOMAL[chr5:0.18Mb]]	0.0601503759398496
AC015691.13--AC104389.28	[INTRACHROMOSOMAL[chr11:0.07Mb],NEIGHBORS[66670]]	0.0586466165413534
BSG--SHC2	[INTRACHROMOSOMAL[chr19:0.11Mb]]	0.0586466165413534
FAM172A--NR2F1-AS1	[INTRACHROMOSOMAL[chr5:0.03Mb],NEIGHBORS[32421]]	0.0586466165413534
MDM2--NUP107	[DEEPEST2019,TumorFusionsNAR2018,ChimerSeq,TCGA_StarF2019,INTRACHROMOSOMAL[chr12:0.06Mb],LOCAL_REARRANGEMENT:+:[62363]]	0.0586466165413534
PROSC--DAP3	[INTERCHROMOSOMAL[chr8--chr1]]	0.0586466165413534
SCAPER--ETFA	[INTRACHROMOSOMAL[chr15:0.04Mb],NEIGHBORS[36432]]	0.0586466165413534
STK3--VPS13B	[CCLE_StarF2019,INTRACHROMOSOMAL[chr8:0.07Mb],LOCAL_INVERSION:-:+:[70439]]	0.0586466165413534
TMEM123--BIRC2	[Klijn_CellLines,INTRACHROMOSOMAL[chr11:0.02Mb],LOCAL_INVERSION:-:+:[17662]]	0.0586466165413534
ZNF292--SYNCRIP	[INTRACHROMOSOMAL[chr6:1.51Mb]]	0.0586466165413534
AL139099.3--TCTN2	[INTERCHROMOSOMAL[chr14--chr12]]	0.0571428571428571
BNC2--C9orf92	[INTRACHROMOSOMAL[chr9:0.13Mb]]	0.0571428571428571
FRYL--OCIAD1	[INTRACHROMOSOMAL[chr4:0.02Mb],LOCAL_INVERSION:-:+:[24890]]	0.0571428571428571
HP1BP3--CDC42	[INTRACHROMOSOMAL[chr1:1.27Mb]]	0.0571428571428571
INVS--ERP44	[INTRACHROMOSOMAL[chr9:0.00Mb],LOCAL_INVERSION:+:-:[216]]	0.0571428571428571
LDLRAD3--TRIM44	[YOSHIHARA_TCGA,DEEPEST2019,TumorFusionsNAR2018,ChimerSeq,TCGA_StarF2019,INTRACHROMOSOMAL[chr11:0.13Mb]]	0.0571428571428571
LINC01004--SRPK2	[INTRACHROMOSOMAL[chr7:0.10Mb],LOCAL_REARRANGEMENT:-:[97660]]	0.0571428571428571
MED15--RPL14	[INTERCHROMOSOMAL[chr22--chr3]]	0.0571428571428571
NDUFV3--U2AF1	[INTRACHROMOSOMAL[chr21:0.18Mb]]	0.0571428571428571
PROSC--CHMP1A	[TumorFusionsNAR2018,INTERCHROMOSOMAL[chr8--chr16]]	0.0571428571428571
SREBF2--RPLP0	[INTERCHROMOSOMAL[chr22--chr12]]	0.0571428571428571
TM9SF2--PCCA	[INTRACHROMOSOMAL[chr13:0.53Mb]]	0.0571428571428571
ELL--FKBP8	[Klijn_CellLines,TumorFusionsNAR2018,INTRACHROMOSOMAL[chr19:0.01Mb],LOCAL_REARRANGEMENT:-:[9624]]	0.0556390977443609
FRYL--SLAIN2	[INTRACHROMOSOMAL[chr4:0.07Mb],LOCAL_INVERSION:-:+:[71149]]	0.0556390977443609
GNGT1--AC002076.10	[INTRACHROMOSOMAL[chr7:0.00Mb],NEIGHBORS_OVERLAP:+:+:[2688]]	0.0556390977443609
GPR107--FNBP1	[TCGA_StarF2019,INTRACHROMOSOMAL[chr9:0.01Mb],LOCAL_INVERSION:+:-:[10232]]	0.0556390977443609
MYL6--AES	[INTERCHROMOSOMAL[chr12--chr19]]	0.0556390977443609
PPFIBP1--CCDC91	[TCGA_StarF2019,CCLE_StarF2019,INTRACHROMOSOMAL[chr12:0.44Mb]]	0.0556390977443609
PSPH--GBAS	[INTRACHROMOSOMAL[chr7:0.01Mb],LOCAL_INVERSION:-:+:[10870]]	0.0556390977443609
RP11-114H23.1--RP11-114H23.2	[INTRACHROMOSOMAL[chr12:0.00Mb],NEIGHBORS_OVERLAP:-:-:[4806]]	0.0556390977443609
UBAP1--UBAP2	[DEEPEST2019,TumorFusionsNAR2018,ChimerSeq,TCGA_StarF2019,INTRACHROMOSOMAL[chr9:0.13Mb]]	0.0556390977443609
ANKFY1--UBE2G1	[DEEPEST2019,TCGA_StarF2019,INTRACHROMOSOMAL[chr17:0.01Mb],LOCAL_REARRANGEMENT:-:[5282]]	0.0541353383458647
ANXA2--ICE2	[DEEPEST2019,INTRACHROMOSOMAL[chr15:0.02Mb],LOCAL_REARRANGEMENT:-:[16726]]	0.0541353383458647
GCN1L1--RPLP0	[ChimerSeq,INTRACHROMOSOMAL[chr12:0.00Mb],LOCAL_REARRANGEMENT:-:[1976]]	0.0541353383458647
IPO9--UBL5	[INTERCHROMOSOMAL[chr1--chr19]]	0.0541353383458647
MCU--MICU1	[INTRACHROMOSOMAL[chr10:0.07Mb],LOCAL_INVERSION:+:-:[65940]]	0.0541353383458647
RASA3--TFDP1	[INTRACHROMOSOMAL[chr13:0.34Mb]]	0.0541353383458647
RP11-634B7.4--TRIM58	[INTRACHROMOSOMAL[chr1:0.11Mb]]	0.0541353383458647
RP11-96H19.1--RP11-618L22.1	[INTRACHROMOSOMAL[chr12:0.09Mb],NEIGHBORS[94345]]	0.0541353383458647
RSL1D1--GSPT1	[INTRACHROMOSOMAL[chr16:0.02Mb],LOCAL_REARRANGEMENT:-:[16543]]	0.0541353383458647
TMLHE--VAMP7	[INTERCHROMOSOMAL[chrX--chrY]]	0.0541353383458647
TSSC1--TRAPPC12	[INTRACHROMOSOMAL[chr2:0.00Mb],LOCAL_INVERSION:-:+:[1793]]	0.0541353383458647
ATP6V1H--TCEA1	[DEEPEST2019,ChimerSeq,INTRACHROMOSOMAL[chr8:0.12Mb]]	0.0526315789473684
CPSF6--RPL30	[INTERCHROMOSOMAL[chr12--chr8]]	0.0526315789473684
DTYMK--ATG4B	[INTRACHROMOSOMAL[chr2:0.00Mb],LOCAL_INVERSION:-:+:[1885]]	0.0526315789473684
GNG12--SERBP1	[INTRACHROMOSOMAL[chr1:0.27Mb]]	0.0526315789473684
HDLBP--THAP4	[DEEPEST2019,TCGA_StarF2019,INTRACHROMOSOMAL[chr2:0.27Mb]]	0.0526315789473684
NOP58--SUMO1	[INTRACHROMOSOMAL[chr2:0.03Mb],LOCAL_INVERSION:+:-:[27108]]	0.0526315789473684
RALGAPA2--XRN2	[INTRACHROMOSOMAL[chr20:0.59Mb]]	0.0526315789473684
SAMD12--EXT1	[TCGA_StarF2019,INTRACHROMOSOMAL[chr8:0.08Mb],NEIGHBORS[77606]]	0.0526315789473684
SLC25A17--ST13	[DEEPEST2019,ChimerSeq,TCGA_StarF2019,INTRACHROMOSOMAL[chr22:0.01Mb],LOCAL_REARRANGEMENT:-:[5136]]	0.0526315789473684
STAG1--NCK1	[DEEPEST2019,TumorFusionsNAR2018,ChimerSeq,TCGA_StarF2019,INTRACHROMOSOMAL[chr3:0.11Mb]]	0.0526315789473684
TAF3--ATP5C1	[TumorFusionsNAR2018,ChimerSeq,TCGA_StarF2019,INTRACHROMOSOMAL[chr10:0.01Mb],LOCAL_REARRANGEMENT:+:[10689]]	0.0526315789473684
TCEA1--ATP6V1H	[INTRACHROMOSOMAL[chr8:0.12Mb]]	0.0526315789473684
TTC17--HSD17B12	[INTRACHROMOSOMAL[chr11:0.06Mb],NEIGHBORS[61503]]	0.0526315789473684
WRN--PPP2CB	[INTRACHROMOSOMAL[chr8:0.22Mb]]	0.0526315789473684
AC002066.1--AC073130.1	[INTRACHROMOSOMAL[chr7:0.01Mb],NEIGHBORS_OVERLAP:-:-:[11128]]	0.0511278195488722
ASPH--CHMP1A	[TumorFusionsNAR2018,INTERCHROMOSOMAL[chr8--chr16]]	0.0511278195488722
ATRX--PGK1	[INTRACHROMOSOMAL[chrX:0.28Mb]]	0.0511278195488722
C7orf50--SUN1	[INTRACHROMOSOMAL[chr7:0.10Mb]]	0.0511278195488722
CHD2--CHMP1A	[ChimerSeq,INTERCHROMOSOMAL[chr15--chr16]]	0.0511278195488722
CHD8--HNRNPC	[INTRACHROMOSOMAL[chr14:0.12Mb]]	0.0511278195488722
EPC1--KIF5B	[INTRACHROMOSOMAL[chr10:0.21Mb]]	0.0511278195488722
PROSC--SRSF1	[INTERCHROMOSOMAL[chr8--chr17]]	0.0511278195488722
PRR14L--YWHAH	[DEEPEST2019,ChimerSeq,INTRACHROMOSOMAL[chr22:0.19Mb]]	0.0511278195488722
SAMD12-AS1--COLEC10	[CCLE_StarF2019,INTRACHROMOSOMAL[chr8:0.14Mb]]	0.0511278195488722
SLC39A11--LINC00511	[INTRACHROMOSOMAL[chr17:0.01Mb],NEIGHBORS[5477]]	0.0511278195488722
ZNF738--CHMP1A	[INTERCHROMOSOMAL[chr19--chr16]]	0.0511278195488722
